Sevilla,라스 카사스 데엘 아레날,9.2
Sevilla,호텔 카사 1800 세비야,9.4
Valencia,세르코텔 소로야 팰리스,8.6
Valencia,Jardines del Turia - Espacioso apartamento,9
Barcelona,트래블로지 바르셀로나 포블레노우,1
Barcelona,lorem,2
Celta Vigo,sdfdf,3
Celta Vigo,qwrwqrw,4
Eibar,gadfgafdg,5
Eibar,fgshdfgh,6
Levante,gfngfnb,7
Levante,xcvbxvcb,8
Rayo Vallecano,fdgdfg,9
Rayo Vallecano,sdfds,10
Real Betis,fgf,9.2
Real Betis,dfd,9.4
Real Madrid,sdf,8.6
Real Madrid,sdfdss,9
Real Sociedad,hfhf,1
Real Sociedad,dfd,2
SD Huesca,hdh,3
SD Huesca,fgfg,4
Villarreal,rwrw,5
Villarreal,ghghn,6
Alaves,safasg,7
Alaves,qwrkjj,8
Athletic Bilbao,ddd,9
Athletic Bilbao,aaaa,10
Atletico Madrid,ssss,9.2
Atletico Madrid,ddddddd,9.4
Espanyol,fhj,8.6
Espanyol,hhhhhh,9
Getafe,jjjjjjj,1
Getafe,cvcvcv,2
Girona,zxcxzczxc,3
Girona,rhytkjyk,4
Leganes,uluklh,5
Leganes,hjk;hl,6
Real Valladolid,kykuyk,7
Real Valladolid,qweuu,8
,,
,,